MIRNA_ID	MRNA_ID	LOCATION	PROBABILITY	PREDICT
hsa-miR-665	NM_004454	1520,1549	0.9999936819076538	1
hsa-miR-374a-5p	NM_018429	1037,1066	0.9999920129776001	1
hsa-miR-32-5p	NM_001099650	4588,4617	0.9999805688858032	1
hsa-miR-574-5p	NM_017842	1815,1844	0.9999772310256958	1
hsa-miR-92b-3p	NM_001079526	4079,4108	0.9999767541885376	1
hsa-miR-92b-3p	NM_152405	2490,2519	0.9999747276306152	1
hsa-miR-181c-5p	NM_006963	332,361	0.9999725818634033	1
hsa-miR-181a-5p	NM_018086	1,30	0.9999697208404541	1
hsa-miR-181a-5p	NM_014709	205,234	0.9999501705169678	1
hsa-miR-362-3p	NM_003046	3095,3124	0.9999498128890991	1
hsa-miR-181a-5p	NM_003184	1121,1150	0.9999430179595947	1
hsa-miR-320a	NM_001082578	3791,3820	0.9999306201934814	1
hsa-miR-296-3p	NM_001142444	753,782	0.9998952150344849	1
hsa-miR-181b-5p	NM_002047	134,163	0.9998698234558105	1
hsa-miR-1305	NM_001166226	1072,1101	0.9998291730880737	1
hsa-miR-423-5p	NM_000788	291,320	0.9998213648796082	1
hsa-miR-320b	NM_006045	3797,3826	0.9998082518577576	1
hsa-miR-532-5p	NM_000876	1004,1033	0.9997517466545105	1
hsa-miR-30b-5p	NM_024721	491,520	0.999725878238678	1
hsa-miR-26b-5p	NM_000321	929,958	0.9997254014015198	1
hsa-miR-330-3p	NM_020755	527,556	0.9996846914291382	1
hsa-miR-30b-5p	NM_001099678	4214,4243	0.9996811151504517	1
hsa-miR-26b-5p	NM_153815	1441,1470	0.9996768236160278	1
hsa-miR-107	NM_153695	169,198	0.9996724128723145	1
hsa-miR-181b-5p	NM_001040624	715,744	0.9996696710586548	1
hsa-miR-130a-3p	NM_004514	579,608	0.9996209144592285	1
hsa-miR-130a-3p	NM_012158	370,399	0.9996174573898315	1
hsa-miR-130a-3p	NM_001007466	3349,3378	0.9996157884597778	1
hsa-miR-30b-5p	NM_001007466	3504,3533	0.9996132254600525	1
hsa-miR-1224-5p	NM_001256173	112,141	0.9995744824409485	1
hsa-miR-3179	NM_014342	162,191	0.9995546936988831	1
hsa-miR-26b-5p	NM_025205	154,183	0.9995259046554565	1
hsa-miR-150-5p	NM_001001395	953,982	0.999517560005188	1
hsa-miR-30b-5p	NM_006532	74,103	0.9995090961456299	1
hsa-miR-92a-3p	NM_203364	1,19	0.9995077848434448	1
hsa-miR-361-5p	NM_006924	2063,2092	0.9994968175888062	1
hsa-miR-32-5p	NM_032317	1705,1734	0.9994903802871704	1
hsa-miR-152-3p	NM_001135770	1,9	0.9994219541549683	1
hsa-miR-4738-3p	NM_001135256	1,15	0.9993934631347656	1
hsa-miR-30a-5p	NM_001142444	317,346	0.9993250370025635	1
hsa-miR-127-3p	NM_001244810	1133,1162	0.9992850422859192	1
hsa-miR-367-3p	NM_001165946	250,279	0.9992501139640808	1
hsa-miR-186-5p	NM_000421	320,349	0.9992414712905884	1
hsa-miR-4783-3p	NM_018225	1854,1883	0.9992281198501587	1
hsa-let-7g-5p	NM_001164391	1768,1797	0.9991819262504578	1
hsa-miR-130a-3p	NM_013998	291,320	0.9991612434387207	1
hsa-miR-3179	NM_006526	692,721	0.9990769624710083	1
hsa-miR-944	NM_015221	1527,1556	0.9990536570549011	1
hsa-miR-423-3p	NM_016626	205,234	0.9990409016609192	1
hsa-miR-615-3p	NM_001520	38,67	0.9989840388298035	1
hsa-miR-551b-3p	NM_000594	501,530	0.9989830851554871	1
hsa-miR-30d-5p	NM_001038493	897,926	0.9989181756973267	1
hsa-miR-4452	NM_018672	1001,1030	0.9988653659820557	1
hsa-miR-152-3p	NM_031885	166,195	0.9988293051719666	1
hsa-miR-103a-3p	NM_001261462	1948,1977	0.998759388923645	1
hsa-miR-423-3p	NM_173593	349,378	0.9987505674362183	1
hsa-miR-103a-3p	NM_006924	4316,4345	0.9986959099769592	1
hsa-miR-30d-5p	NM_182797	743,772	0.9986892342567444	1
hsa-miR-708-5p	NM_032167	4942,4971	0.9986752867698669	1
hsa-miR-132-3p	NM_001204401	4538,4567	0.9986114501953125	1
hsa-let-7i-5p	NM_004279	1,13	0.9986009001731873	1
hsa-miR-423-3p	NM_001170460	361,390	0.9985476136207581	1
hsa-miR-30c-2-3p	NM_001253792	294,323	0.9985185265541077	1
hsa-miR-1271-5p	NM_152221	831,860	0.9984694123268127	1
hsa-miR-107	NM_001195214	2372,2401	0.9983953833580017	1
hsa-miR-30e-5p	NM_001821	4568,4597	0.9983838796615601	1
hsa-miR-16-5p	NM_018128	987,1016	0.9983356595039368	1
hsa-miR-186-5p	NM_001031717	417,446	0.9981096982955933	1
hsa-miR-1914-3p	NM_022469	3040,3069	0.998075008392334	1
hsa-miR-342-3p	NM_021914	2412,2441	0.9980508089065552	1
hsa-miR-582-5p	NM_006887	1063,1092	0.9979134202003479	1
hsa-miR-520d-5p	NM_001278	847,876	0.9979099631309509	1
hsa-miR-340-5p	NM_001130689	332,361	0.9978896975517273	1
hsa-miR-744-5p	NM_002105	868,897	0.9977831244468689	1
hsa-miR-103a-3p	NM_177560	174,203	0.9977803826332092	1
hsa-miR-877-5p	NM_001024937	152,181	0.9977453351020813	1
hsa-miR-107	NM_003374	481,510	0.9976785778999329	1
hsa-miR-30e-5p	NM_194458	142,171	0.9975306391716003	1
hsa-miR-185-5p	NM_015833	3150,3179	0.9973652958869934	1
hsa-miR-500a-5p	NM_198461	1376,1405	0.997261643409729	1
hsa-miR-550a-3p	NM_020772	6282,6311	0.9972545504570007	1
hsa-miR-192-5p	NM_001190233	594,623	0.9971463084220886	1
hsa-miR-802	NM_014613	554,583	0.9971016049385071	1
hsa-miR-505-5p	NM_004522	3540,3569	0.9969134330749512	1
hsa-miR-377-3p	NM_001145306	142,171	0.9968935251235962	1
hsa-miR-16-5p	NM_001111019	1320,1349	0.9968825578689575	1
hsa-miR-16-5p	NM_001128306	1528,1557	0.9968196153640747	1
hsa-miR-146b-5p	NM_001199671	358,387	0.9967446327209473	1
hsa-miR-1913	NM_001267548	1226,1255	0.9967312812805176	1
hsa-miR-152-3p	NM_052925	135,164	0.9967304468154907	1
hsa-miR-15b-5p	NM_014949	566,595	0.9966191053390503	1
hsa-miR-340-5p	NM_001009186	765,794	0.9965938925743103	1
hsa-miR-143-3p	NM_178126	763,792	0.9965484738349915	1
hsa-miR-708-5p	NM_001079812	750,779	0.9963243007659912	1
hsa-miR-30d-5p	NM_032168	6,35	0.9963068962097168	1
hsa-let-7i-5p	NM_018339	1536,1565	0.9962600469589233	1
hsa-miR-505-5p	NM_001020819	1524,1553	0.9960694313049316	1
hsa-miR-30e-5p	NM_001077206	284,313	0.9960274696350098	1
hsa-miR-27a-3p	NM_033139	1045,1074	0.9958400726318359	1
hsa-miR-940	NM_001178008	575,604	0.9958283305168152	1
hsa-let-7c-5p	NM_005373	1422,1451	0.9955246448516846	1
hsa-miR-1207-5p	NM_004239	1149,1178	0.9954611659049988	1
hsa-miR-143-3p	NM_178858	1086,1115	0.9953302145004272	1
hsa-miR-301a-3p	NM_201568	1910,1939	0.9951228499412537	1
hsa-miR-30c-5p	NM_001039693	2794,2823	0.995058536529541	1
hsa-miR-185-5p	NM_001144995	695,724	0.9949650168418884	1
hsa-miR-378a-3p	NM_001013399	994,1023	0.9948112964630127	1
hsa-miR-876-5p	NM_052855	603,632	0.9947092533111572	1
hsa-miR-196b-5p	NM_001161662	3194,3223	0.9946808218955994	1
hsa-miR-107	NM_015356	143,172	0.9945347309112549	1
hsa-let-7a-5p	NM_032015	6,35	0.9942670464515686	1
hsa-let-7i-5p	NM_015130	948,977	0.9942487478256226	1
hsa-miR-497-5p	NM_001242825	22,51	0.994229793548584	1
hsa-miR-16-5p	NM_001171653	3361,3390	0.9941202998161316	1
hsa-miR-873-5p	NM_001401	636,665	0.9939671754837036	1
hsa-miR-212-3p	NM_001127228	18,47	0.9939436316490173	1
hsa-miR-545-3p	NM_024940	499,528	0.9937160611152649	1
hsa-miR-24-1-5p	NM_001145206	3334,3363	0.9935905933380127	1
hsa-miR-140-5p	NM_005746	1978,2007	0.9934390187263489	1
hsa-miR-301a-3p	NM_002427	714,743	0.9932432770729065	1
hsa-miR-425-3p	NM_001521	599,628	0.9928858876228333	1
hsa-miR-940	NM_139135	889,918	0.992664635181427	1
hsa-miR-98-5p	NM_005063	1399,1428	0.992635190486908	1
hsa-miR-769-3p	NM_005744	3189,3218	0.9926308393478394	1
hsa-miR-378a-3p	NM_213599	675,704	0.9925777316093445	1
hsa-miR-4516	NM_080549	213,242	0.9925357103347778	1
hsa-miR-502-3p	NM_001080414	12,41	0.9925191402435303	1
hsa-miR-27a-3p	NM_001130714	964,993	0.992400050163269	1
hsa-miR-660-3p	NM_014756	108,137	0.9921987652778625	1
hsa-miR-92a-3p	NM_178167	446,475	0.9918157458305359	1
hsa-miR-1914-3p	NM_001177358	170,199	0.9917045831680298	1
hsa-miR-142-5p	NM_181427	2,31	0.9916377663612366	1
hsa-let-7c-5p	NM_001130524	873,902	0.9914404153823853	1
hsa-miR-23a-3p	NM_177937	1018,1047	0.9911024570465088	1
hsa-let-7f-5p	NM_006570	371,400	0.9892833232879639	1
hsa-miR-503-5p	NM_001033117	4674,4703	0.9887657165527344	1
hsa-miR-27a-3p	NM_005157	918,947	0.9885339140892029	1
hsa-miR-378a-3p	NM_005792	283,312	0.9884103536605835	1
hsa-miR-550a-5p	NM_014762	684,713	0.9877204298973083	1
hsa-miR-588	NM_002562	426,455	0.9872697591781616	1
hsa-miR-766-3p	NM_012406	845,874	0.9871111512184143	1
hsa-miR-135b-5p	NM_001244724	205,234	0.9863660335540771	1
hsa-miR-29c-3p	NM_206933	273,302	0.9862284660339355	1
hsa-miR-503-5p	NM_021622	1189,1218	0.9858731031417847	1
hsa-let-7c-5p	NM_004418	231,260	0.9855199456214905	1
hsa-miR-98-5p	NM_152990	553,582	0.985144853591919	1
hsa-miR-193b-3p	NM_182914	705,734	0.9843331575393677	1
hsa-miR-346	NM_015092	4027,4056	0.9831435084342957	1
hsa-miR-28-5p	NM_001024843	10283,10312	0.9830904006958008	1
hsa-let-7i-5p	NM_001567	135,164	0.9828162789344788	1
hsa-miR-199a-5p	NM_002982	150,179	0.9808185696601868	1
hsa-miR-766-3p	NM_001080453	81,110	0.9804151058197021	1
hsa-miR-3158-3p	NM_001081640	595,624	0.9792875051498413	1
hsa-miR-98-5p	NM_001195286	2232,2261	0.9792491793632507	1
hsa-miR-20b-5p	NM_004694	1800,1829	0.9784703254699707	1
hsa-miR-5690	NM_023079	312,341	0.9783852696418762	1
hsa-miR-4705	NM_001017416	113,142	0.9779155850410461	1
hsa-miR-3158-3p	NM_001009186	24,53	0.9766145348548889	1
hsa-miR-30c-5p	NM_001442	174,203	0.9766045212745667	1
hsa-miR-3136-5p	NM_001135188	1054,1083	0.9760423898696899	1
hsa-miR-374c-5p	NM_139266	99,128	0.9754433631896973	1
hsa-miR-23a-3p	NM_001257990	269,298	0.9750955700874329	1
hsa-miR-199a-5p	NM_002422	1,24	0.9743900895118713	1
hsa-miR-122-5p	NM_016569	1215,1244	0.9740445613861084	1
hsa-miR-202-3p	NM_148900	2614,2643	0.9734070897102356	1
hsa-miR-30e-3p	NM_001113547	756,785	0.9720869660377502	1
hsa-miR-455-3p	NM_017902	2878,2907	0.9714165329933167	1
hsa-miR-18a-3p	NM_015500	3907,3936	0.970829963684082	1
hsa-miR-346	NM_001042465	896,925	0.9702016711235046	1
hsa-miR-378d	NM_001017371	1235,1264	0.9697816967964172	1
hsa-miR-522-5p	NM_012426	3482,3511	0.9695578813552856	1
hsa-miR-29a-5p	NM_001248008	4206,4235	0.9689949750900269	1
hsa-miR-421	NM_001042369	21,50	0.9683913588523865	1
hsa-miR-3200-5p	NM_001144965	4065,4094	0.9676860570907593	1
hsa-miR-522-5p	NM_012325	1039,1068	0.966555655002594	1
hsa-miR-19a-3p	NM_001145414	1246,1275	0.9645295739173889	1
hsa-miR-676-3p	NM_033081	586,615	0.96436607837677	1
hsa-miR-125a-5p	NM_001005386	204,233	0.9639800190925598	1
hsa-miR-19a-3p	NM_018708	414,443	0.9638949632644653	1
hsa-miR-3657	NM_001199379	466,495	0.9630186557769775	1
hsa-miR-125a-5p	NM_001024937	519,548	0.9629449248313904	1
hsa-miR-378d	NM_022483	811,840	0.9607572555541992	1
hsa-miR-96-5p	NM_015001	563,592	0.9603286385536194	1
hsa-miR-125a-5p	NM_002562	156,185	0.9602274894714355	1
hsa-miR-548au-5p	NM_001244710	1708,1737	0.9601742029190063	1
hsa-miR-513c-5p	NM_004776	2282,2311	0.9593905806541443	1
hsa-miR-125a-5p	NM_001001550	2072,2101	0.9587297439575195	1
hsa-miR-455-3p	NM_001178064	223,252	0.9574254751205444	1
hsa-miR-19a-3p	NM_013943	243,272	0.9573764204978943	1
hsa-miR-19b-3p	NM_001136049	3727,3756	0.9567260146141052	1
hsa-miR-1293	NM_001014443	203,232	0.9567186832427979	1
hsa-miR-150-3p	NM_015986	730,759	0.9567037224769592	1
hsa-miR-624-5p	NM_001101800	582,611	0.956063449382782	1
hsa-miR-518a-3p	NM_052925	1022,1051	0.954801619052887	1
hsa-miR-19b-3p	NM_020651	1958,1987	0.9535832405090332	1
hsa-miR-19b-3p	NM_013943	243,272	0.951646089553833	1
hsa-miR-18a-3p	NM_206866	793,822	0.9501137137413025	1
hsa-miR-618	NM_014494	815,844	0.9473849534988403	1
hsa-miR-33a-5p	NM_175921	302,331	0.9457502365112305	1
hsa-miR-15a-5p	NM_138971	3793,3822	0.9450892210006714	1
hsa-miR-548au-5p	NM_001253771	5003,5032	0.9449941515922546	1
hsa-miR-19b-3p	NM_138971	2936,2965	0.9429613947868347	1
hsa-miR-548ax	NM_173084	988,1017	0.942221462726593	1
hsa-miR-33a-5p	NM_002740	1657,1686	0.9420658946037292	1
hsa-miR-518c-5p	NM_181673	1241,1270	0.9414615631103516	1
hsa-miR-483-3p	NM_001177842	701,730	0.9398507475852966	1
hsa-miR-33a-5p	NM_003941	380,409	0.9388194680213928	1
hsa-let-7e-5p	NM_006934	512,541	0.9384072422981262	1
hsa-miR-192-3p	NM_021927	343,372	0.9352744817733765	1
hsa-miR-15a-5p	NM_052909	7120,7149	0.9348647594451904	1
hsa-miR-125a-5p	NM_002467	130,159	0.9340641498565674	1
hsa-miR-1262	NM_152787	1322,1351	0.9340294599533081	1
hsa-miR-19b-3p	NM_001034077	1,28	0.9338708519935608	1
hsa-miR-199a-5p	NM_000088	953,982	0.932995080947876	1
hsa-miR-15a-5p	NM_001159767	342,371	0.9291591644287109	1
hsa-miR-548d-3p	NM_024524	2428,2457	0.9273080825805664	1
hsa-miR-124-3p	NM_006763	1669,1698	0.9256409406661987	1
hsa-miR-23b-5p	NM_002205	337,366	0.9245486855506897	1
hsa-miR-135a-5p	NM_000075	587,616	0.9230771064758301	1
hsa-let-7b-5p	NM_001145314	802,831	0.921617865562439	1
hsa-miR-28-5p	NM_001242948	1082,1111	0.9213705658912659	1
hsa-miR-548d-3p	NM_001144755	1219,1248	0.9195496439933777	1
hsa-let-7b-5p	NM_001009984	1434,1463	0.9168378710746765	1
hsa-miR-218-5p	NM_001042413	3485,3514	0.9166402816772461	1
hsa-miR-29b-2-5p	NM_033390	2735,2764	0.9142424464225769	1
hsa-miR-589-3p	NM_000876	1351,1380	0.9126998782157898	1
hsa-miR-28-5p	NM_001101	317,346	0.9113661646842957	1
hsa-miR-10a-3p	NM_021127	1221,1250	0.9112828969955444	1
hsa-miR-2355-3p	NM_019116	1688,1717	0.9109191298484802	1
hsa-miR-125b-5p	NM_002524	2422,2451	0.9089000821113586	1
hsa-miR-4511	NM_001010926	194,223	0.9081994891166687	1
hsa-miR-129-1-3p	NM_001198675	816,845	0.9055947065353394	1
hsa-miR-628-5p	NM_033020	1252,1281	0.9051886796951294	1
hsa-miR-525-5p	NM_152787	1465,1494	0.9047563672065735	1
hsa-miR-196a-5p	NM_000075	351,380	0.9038098454475403	1
hsa-miR-576-3p	NM_003851	662,691	0.9034202694892883	1
hsa-miR-196a-5p	NM_053056	3114,3143	0.8996944427490234	1
hsa-miR-642a-5p	NM_020639	407,436	0.8986406922340393	1
hsa-miR-589-3p	NM_001085354	723,752	0.8975275158882141	1
hsa-let-7b-5p	NM_007055	2299,2328	0.8958483934402466	1
hsa-miR-548d-3p	NM_021127	1390,1419	0.8917611241340637	1
hsa-miR-196a-5p	NM_005359	643,672	0.8909398913383484	1
hsa-miR-499a-5p	NM_017798	406,435	0.887341320514679	1
hsa-miR-128-3p	NM_022483	819,848	0.885751485824585	1
hsa-miR-20a-5p	NM_001100389	2069,2098	0.8817339539527893	1
hsa-miR-196a-5p	NM_000602	396,425	0.8810637593269348	1
hsa-miR-128-3p	NM_015382	197,226	0.8771803379058838	1
hsa-miR-221-3p	NM_005604	731,760	0.875293493270874	1
hsa-miR-31-5p	NM_006570	268,297	0.8747117519378662	1
hsa-miR-20a-5p	NM_001243076	106,135	0.8714486956596375	1
hsa-miR-20a-5p	NM_024529	545,574	0.8709148168563843	1
hsa-miR-5682	NM_001975	237,266	0.8665370345115662	1
hsa-miR-218-5p	NM_007192	1124,1153	0.8643636703491211	1
hsa-let-7d-5p	NM_024625	654,683	0.8640028238296509	1
hsa-miR-125b-5p	NM_001017926	1518,1547	0.8633046746253967	1
hsa-miR-124-3p	NM_014043	1676,1705	0.8629469275474548	1
hsa-miR-93-5p	NM_032121	650,679	0.8626562356948853	1
hsa-miR-20a-5p	NM_147147	2201,2230	0.86122727394104	1
hsa-miR-141-5p	NM_020225	247,276	0.8612263202667236	1
hsa-let-7d-5p	NM_001142548	93,122	0.8598048686981201	1
hsa-miR-18a-5p	NM_003362	749,778	0.8582974672317505	1
hsa-miR-93-5p	NM_001142299	522,551	0.8575111627578735	1
hsa-miR-17-5p	NM_174909	3664,3693	0.8568831086158752	1
hsa-miR-361-3p	NM_024562	180,209	0.8567019701004028	1
hsa-miR-20a-5p	NM_012234	1249,1278	0.8557179570198059	1
hsa-miR-20a-5p	NM_001017425	1362,1391	0.8537521362304688	1
hsa-miR-335-5p	NM_152405	19,48	0.8535596132278442	1
hsa-miR-17-5p	NM_020651	1192,1221	0.8512980937957764	1
hsa-miR-23b-3p	NM_004661	882,911	0.8471782207489014	1
hsa-miR-20a-5p	NM_001184718	1153,1182	0.8467574715614319	1
hsa-miR-194-3p	NM_031369	664,693	0.8430914878845215	1
hsa-miR-424-5p	NM_001013398	1090,1119	0.840933620929718	1
hsa-miR-335-5p	NM_002089	148,177	0.8386014103889465	1
hsa-miR-17-5p	NM_001122838	2567,2596	0.8381708264350891	1
hsa-miR-17-5p	NM_014452	1053,1082	0.8379761576652527	1
hsa-miR-218-5p	NM_004994	56,85	0.8362398743629456	1
hsa-miR-93-5p	NM_020651	452,481	0.834078848361969	1
hsa-miR-20a-5p	NM_001198719	257,286	0.832025945186615	1
hsa-miR-93-5p	NM_019004	893,922	0.8309135437011719	1
hsa-miR-125a-3p	NM_022060	1169,1198	0.8293957114219666	1
hsa-miR-361-3p	NM_005155	566,595	0.8257135152816772	1
hsa-miR-607	NM_001159601	288,317	0.8238846659660339	1
hsa-miR-196a-5p	NM_152739	1025,1054	0.8222245573997498	1
hsa-miR-642b-5p	NM_022735	991,1020	0.8171425461769104	1
hsa-miR-556-3p	NM_001171815	547,576	0.8160731196403503	1
hsa-miR-222-5p	NM_015172	801,830	0.8160008788108826	1
hsa-miR-25-3p	NM_013943	876,905	0.8150338530540466	1
hsa-miR-29a-3p	NM_001001851	757,786	0.814704954624176	1
hsa-miR-18a-5p	NM_001243280	293,322	0.8122802972793579	1
hsa-miR-23b-3p	NM_001177314	870,899	0.8073731660842896	1
hsa-miR-17-5p	NM_052827	818,847	0.8051608204841614	1
hsa-miR-18a-5p	NM_016039	1,29	0.8043485879898071	1
hsa-miR-424-5p	NM_001199456	696,725	0.8028912544250488	1
hsa-miR-222-3p	NM_001171653	3855,3884	0.8023449778556824	1
hsa-miR-18a-5p	NM_206866	2561,2590	0.8018548488616943	1
hsa-miR-18a-3p	NM_001247997	893,922	0.7983983159065247	1
hsa-miR-424-5p	NM_001243084	943,972	0.790674090385437	1
hsa-miR-4786-3p	NM_001178040	2177,2206	0.7880321145057678	1
hsa-miR-181a-2-3p	NM_005458	576,605	0.7757481336593628	1
hsa-miR-548a-3p	NM_005595	3188,3217	0.7742862701416016	1
hsa-miR-335-5p	NM_001037666	440,469	0.7730725407600403	1
hsa-miR-335-5p	NM_019606	85,114	0.7673284411430359	1
hsa-let-7g-3p	NM_025142	1,27	0.7595196962356567	1
hsa-miR-628-5p	NM_014640	904,933	0.7560262680053711	1
hsa-miR-335-5p	NM_012134	665,694	0.7522847652435303	1
hsa-miR-106b-5p	NM_025054	4058,4087	0.7509636282920837	1
hsa-miR-1275	NM_002562	63,92	0.7381047010421753	1
hsa-miR-548l	NM_005885	2735,2764	0.7285708785057068	1
hsa-miR-148a-5p	NM_001039590	3414,3443	0.7254600524902344	1
hsa-miR-584-5p	NM_013417	428,457	0.7195261120796204	1
hsa-miR-26a-5p	NM_000321	1656,1685	0.7145208120346069	1
hsa-miR-106b-5p	NM_001206901	97,126	0.7129552364349365	1
hsa-miR-129-5p	NM_002567	288,317	0.711273193359375	1
hsa-miR-105-5p	NM_003109	3931,3960	0.7034045457839966	1
hsa-miR-142-3p	NM_014899	1749,1778	0.7003480792045593	1
hsa-miR-548o-3p	NM_020823	3112,3141	0.6920281052589417	1
hsa-miR-106b-5p	NM_181713	302,331	0.6807382702827454	1
hsa-miR-16-2-3p	NM_022132	136,165	0.6777191162109375	1
hsa-miR-16-2-3p	NM_138578	778,807	0.6738957762718201	1
hsa-miR-34a-5p	NM_001077621	426,455	0.6675726175308228	1
hsa-miR-495-3p	NM_001199954	556,585	0.6469011306762695	1
hsa-miR-16-2-3p	NM_018703	34,63	0.6444500684738159	1
hsa-miR-106b-5p	NM_000421	105,134	0.6384001970291138	1
hsa-miR-155-5p	NM_002349	1410,1439	0.6328586339950562	1
hsa-miR-17-3p	NM_014189	921,950	0.628376841545105	1
hsa-miR-29b-3p	NM_001015051	3081,3110	0.6146062016487122	1
hsa-miR-10a-5p	NM_001258433	715,744	0.6106602549552917	1
hsa-miR-155-5p	NM_020341	775,804	0.598696231842041	1
hsa-miR-31-3p	NM_198182	374,403	0.5985217690467834	1
hsa-miR-155-5p	NM_003108	6336,6365	0.5926027894020081	1
hsa-miR-155-5p	NM_005359	348,377	0.5840920805931091	1
hsa-miR-29b-3p	NM_001012270	1742,1771	0.5825690627098083	1
hsa-miR-155-5p	NM_004513	262,291	0.5787527561187744	1
hsa-miR-922	NM_001244604	578,607	0.5778904557228088	1
hsa-miR-17-3p	NM_206866	1423,1452	0.5733917355537415	1
hsa-miR-124-3p	NM_001142498	673,702	0.5729184150695801	1
hsa-miR-922	NM_001271097	1,12	0.572435736656189	1
hsa-miR-326	NM_001127891	24,53	0.5719256401062012	1
hsa-miR-155-5p	NM_000572	945,974	0.5702524185180664	1
hsa-miR-375	NM_001621	3048,3077	0.5541578531265259	1
hsa-miR-200b-3p	NM_130392	891,920	0.5515900254249573	1
hsa-miR-141-3p	NM_001242581	593,622	0.5483925342559814	1
hsa-miR-200c-3p	NM_001195573	2843,2872	0.5462263822555542	1
hsa-miR-34a-5p	NM_001039840	4752,4781	0.5452779531478882	1
hsa-miR-29b-3p	NM_145341	320,349	0.5351056456565857	1
hsa-miR-103a-2-5p	NM_001167614	891,920	0.531498908996582	1
hsa-miR-375	NM_005751	126,155	0.5308502912521362	1
hsa-miR-155-5p	NM_006941	1126,1155	0.5305469632148743	1
hsa-miR-29b-3p	NM_001024808	2536,2565	0.5278648138046265	1
hsa-miR-34a-5p	NM_001171653	3448,3477	0.5247262120246887	1
hsa-miR-29b-3p	NM_005985	166,195	0.5236203074455261	1
hsa-miR-34a-5p	NM_078487	412,441	0.5221442580223083	1
hsa-miR-17-3p	NM_021734	265,294	0.5062829852104187	1
hsa-miR-29b-3p	NM_001001851	605,634	0.5060476064682007	1
hsa-miR-148a-3p	NM_001164385	1758,1787	0.5052996873855591	1
hsa-miR-29b-3p	NM_005163	696,725	0.49609607458114624	0
hsa-miR-200b-3p	NM_182764	1100,1129	0.48038622736930847	0
hsa-miR-148a-3p	NM_001256761	2994,3023	0.4758266806602478	0
hsa-miR-182-5p	NM_005163	424,453	0.4735606014728546	0
hsa-miR-200b-3p	NM_014458	191,220	0.46656373143196106	0
hsa-miR-182-5p	NM_003106	731,760	0.4660177528858185	0
hsa-miR-200b-3p	NM_001177716	1729,1758	0.4507617950439453	0
hsa-miR-148a-3p	NM_000730	1,13	0.4420960247516632	0
hsa-miR-182-5p	NM_001126114	351,380	0.4356265068054199	0
hsa-miR-223-3p	NM_001127891	1092,1121	0.4306032955646515	0
hsa-miR-10a-5p	NM_001166687	213,242	0.4273827075958252	0
hsa-miR-2682-5p	NM_015099	170,199	0.4238525629043579	0
hsa-miR-148a-3p	NM_001172504	675,704	0.4195115268230438	0
hsa-miR-200b-3p	NM_001127460	754,783	0.407347708940506	0
hsa-miR-200c-3p	NM_130392	891,920	0.40338975191116333	0
hsa-miR-141-3p	NM_130392	1033,1062	0.40294039249420166	0
hsa-miR-200b-3p	NM_014023	23,52	0.4027620851993561	0
hsa-miR-200c-3p	NM_144596	5,34	0.40225252509117126	0
hsa-miR-200b-3p	NM_170774	2491,2520	0.3984210193157196	0
hsa-miR-200c-3p	NM_001006115	224,253	0.39813199639320374	0
hsa-miR-148a-3p	NM_001202483	30,59	0.3870925307273865	0
hsa-miR-139-5p	NM_005180	1557,1586	0.3819739818572998	0
hsa-miR-200a-3p	NM_001242581	593,622	0.373950719833374	0
hsa-miR-141-3p	NM_001177716	1177,1206	0.361650288105011	0
hsa-miR-429	NM_001242581	593,622	0.356628954410553	0
hsa-miR-141-3p	NM_170774	2518,2547	0.35267403721809387	0
hsa-miR-326	NM_005985	495,524	0.35182878375053406	0
hsa-miR-200a-3p	NM_001006600	2105,2134	0.34842216968536377	0
hsa-miR-126-5p	NM_015447	18,47	0.34762802720069885	0
hsa-miR-193a-3p	NM_001143885	1305,1334	0.3420286476612091	0
hsa-miR-10a-5p	NM_001975	651,680	0.33529093861579895	0
hsa-miR-200c-3p	NM_014023	23,52	0.3341618478298187	0
hsa-miR-200c-3p	NM_001011553	82,111	0.33361130952835083	0
hsa-miR-10a-5p	NM_001105541	182,211	0.3242228031158447	0
hsa-miR-10a-5p	NM_020975	1,28	0.32346025109291077	0
hsa-miR-200b-3p	NM_001242581	1250,1279	0.3111220598220825	0
hsa-miR-200a-3p	NM_130392	2881,2910	0.3091680407524109	0
hsa-miR-22-3p	NM_001202483	74,103	0.30475109815597534	0
hsa-miR-20a-3p	NM_206866	1536,1565	0.2981629967689514	0
hsa-miR-302c-3p	NM_017759	5240,5269	0.2961479425430298	0
hsa-miR-339-5p	NM_001256761	1329,1358	0.2910417914390564	0
hsa-miR-106b-3p	NM_001099285	21,50	0.2867259085178375	0
hsa-miR-200c-3p	NM_001242581	1250,1279	0.2821848392486572	0
hsa-miR-649	NM_015492	702,731	0.27973732352256775	0
hsa-miR-200c-3p	NM_001204426	922,951	0.27966737747192383	0
hsa-miR-210-3p	NM_001248008	3089,3118	0.26643887162208557	0
hsa-miR-200c-3p	NM_002147	654,683	0.26395055651664734	0
hsa-miR-141-3p	NM_001202859	80,109	0.2615739405155182	0
hsa-miR-20a-3p	NM_024830	1633,1662	0.2606768310070038	0
hsa-miR-429	NM_182764	1100,1129	0.25451794266700745	0
hsa-miR-10a-5p	NM_004040	1211,1240	0.25209295749664307	0
hsa-miR-339-5p	NM_002923	30,59	0.25025248527526855	0
hsa-miR-339-5p	NM_001270458	1677,1706	0.24220141768455505	0
hsa-miR-1254	NM_181491	2691,2720	0.22289159893989563	0
hsa-miR-155-3p	NM_001247997	1022,1051	0.2148900330066681	0
hsa-miR-339-5p	NM_031157	1,29	0.21170251071453094	0
hsa-miR-548o-5p	NM_003630	739,768	0.20522922277450562	0
hsa-miR-200a-3p	NM_001202859	1086,1115	0.20341961085796356	0
hsa-miR-155-3p	NM_020651	626,655	0.1971752941608429	0
hsa-miR-548i	NM_001127716	189,218	0.19331683218479156	0
hsa-miR-10b-5p	NM_001975	651,680	0.19255249202251434	0
hsa-miR-10b-5p	NM_173200	330,359	0.1850130259990692	0
hsa-miR-21-5p	NM_005401	7008,7037	0.17328807711601257	0
hsa-miR-217	NM_005985	578,607	0.1721820831298828	0
hsa-miR-146a-3p	NM_006763	56,85	0.15777133405208588	0
hsa-miR-217	NM_002089	344,373	0.15587520599365234	0
hsa-miR-10b-5p	NM_020975	1,28	0.1554393619298935	0
hsa-miR-92a-1-5p	NM_017620	2466,2495	0.1551184207201004	0
hsa-miR-449b-5p	NM_000075	80,109	0.14748553931713104	0
hsa-miR-146a-3p	NM_152718	1,28	0.14139306545257568	0
hsa-miR-200a-3p	NM_004656	1132,1161	0.1388220489025116	0
hsa-miR-146a-3p	NM_014033	2063,2092	0.13670629262924194	0
hsa-miR-146a-3p	NM_001001483	283,312	0.11738168448209763	0
hsa-miR-126-3p	NM_001127700	857,886	0.11694610118865967	0
hsa-miR-21-5p	NM_001165414	438,467	0.11569346487522125	0
hsa-miR-92a-1-5p	NM_001136262	2683,2712	0.1128680557012558	0
hsa-miR-21-5p	NM_020947	1551,1580	0.1083972379565239	0
hsa-miR-146a-3p	NM_203434	889,918	0.10788522660732269	0
hsa-miR-21-5p	NM_001256095	1244,1273	0.10657314956188202	0
hsa-miR-92a-1-5p	NM_020651	1045,1074	0.10474054515361786	0
hsa-miR-146a-3p	NM_003226	197,226	0.10468672215938568	0
hsa-miR-494-3p	NM_001127891	498,527	0.097126804292202	0
hsa-miR-429	NM_018052	192,221	0.09472376853227615	0
hsa-miR-494-3p	NM_005163	900,929	0.09257718175649643	0
hsa-miR-22-5p	NM_001172504	1,10	0.09160461276769638	0
hsa-miR-488-3p	NM_001172504	793,822	0.09082679450511932	0
hsa-miR-146a-5p	NM_020651	854,883	0.08306090533733368	0
hsa-miR-19a-5p	NM_001247997	29,58	0.08149369806051254	0
hsa-miR-21-5p	NM_001177413	109,138	0.0785435363650322	0
hsa-miR-488-3p	NM_002923	601,630	0.07758277654647827	0
hsa-miR-382-5p	NM_004958	291,320	0.07510903477668762	0
hsa-miR-145-5p	NM_001122740	1052,1081	0.07074645161628723	0
hsa-miR-145-5p	NM_001164097	1490,1519	0.06794562935829163	0
hsa-miR-146a-5p	NM_020772	892,921	0.06792207807302475	0
hsa-miR-19a-5p	NM_013943	2915,2944	0.06779459118843079	0
hsa-miR-145-5p	NM_001171653	2952,2981	0.062159501016139984	0
hsa-miR-146a-5p	NM_206866	2775,2804	0.06207107752561569	0
hsa-miR-146a-5p	NM_001247997	484,513	0.061474889516830444	0
hsa-miR-382-5p	NM_001243084	738,767	0.06040006875991821	0
hsa-miR-145-5p	NM_002093	1299,1328	0.060365356504917145	0
hsa-miR-494-3p	NM_004994	123,152	0.059828437864780426	0
hsa-miR-146a-5p	NM_013943	1186,1215	0.058282289654016495	0
hsa-miR-145-5p	NM_001552	1100,1129	0.05674292519688606	0
hsa-miR-145-5p	NM_000214	545,574	0.05343187600374222	0
hsa-miR-140-3p	NM_001961	412,441	0.05267607793211937	0
hsa-miR-146a-5p	NM_001136264	278,307	0.05216611921787262	0
hsa-miR-92a-1-5p	NM_001142404	567,596	0.048639554530382156	0
hsa-miR-146a-5p	NM_014033	2009,2038	0.04822308197617531	0
hsa-miR-145-5p	NM_000393	1712,1741	0.047652244567871094	0
hsa-miR-145-5p	NM_014399	787,816	0.04744981229305267	0
hsa-miR-146a-5p	NM_002349	1114,1143	0.04735651612281799	0
hsa-miR-138-5p	NM_033102	1072,1101	0.04732057824730873	0
hsa-miR-145-5p	NM_003392	3435,3464	0.047129325568675995	0
hsa-miR-382-5p	NM_005163	623,652	0.04548445716500282	0
hsa-miR-145-5p	NM_001127700	1314,1343	0.045127708464860916	0
hsa-miR-145-5p	NM_003463	325,354	0.04467891901731491	0
hsa-miR-145-5p	NM_001144999	1693,1722	0.0441276915371418	0
hsa-miR-138-5p	NM_005513	682,711	0.04385347291827202	0
hsa-miR-145-5p	NM_014547	1586,1615	0.04373564198613167	0
hsa-miR-22-5p	NM_007351	493,522	0.04329106584191322	0
hsa-miR-33a-3p	NM_145753	1563,1592	0.04019686207175255	0
hsa-miR-22-5p	NM_001195396	1928,1957	0.03987892344594002	0
hsa-miR-145-5p	NM_015704	156,185	0.03857134282588959	0
hsa-miR-138-5p	NM_006320	764,793	0.03836580738425255	0
hsa-miR-145-5p	NM_018890	1099,1128	0.03788734972476959	0
hsa-miR-519c-3p	NM_001002034	1086,1115	0.03788343444466591	0
hsa-miR-145-5p	NM_001251830	1,11	0.0373881459236145	0
hsa-miR-145-5p	NM_001719	384,413	0.03666691854596138	0
hsa-miR-145-5p	NM_004126	36,65	0.0352882444858551	0
hsa-miR-138-5p	NM_004283	804,833	0.03525427728891373	0
hsa-miR-145-5p	NM_015186	315,344	0.035240307450294495	0
hsa-miR-138-5p	NM_021133	228,257	0.03229741379618645	0
hsa-miR-138-5p	NM_018197	284,313	0.03219801187515259	0
hsa-miR-99a-5p	NM_002581	3922,3951	0.03198406100273132	0
hsa-miR-145-5p	NM_002444	748,777	0.03176967054605484	0
hsa-miR-138-5p	NM_001142292	379,408	0.030298324301838875	0
hsa-miR-22-5p	NM_000730	110,139	0.03025037795305252	0
hsa-miR-138-5p	NM_198434	87,116	0.02802574448287487	0
hsa-miR-138-5p	NM_025047	263,292	0.0269931647926569	0
hsa-miR-519b-3p	NM_020177	2742,2771	0.026949336752295494	0
hsa-miR-145-3p	NM_001142678	1991,2020	0.026144616305828094	0
hsa-miR-99a-5p	NM_173595	2444,2473	0.025970272719860077	0
hsa-miR-19b-1-5p	NM_001015048	877,906	0.0258819330483675	0
hsa-miR-99a-5p	NM_017766	104,133	0.025671660900115967	0
hsa-miR-99a-5p	NM_001017408	247,276	0.024992046877741814	0
hsa-miR-138-5p	NM_130468	640,669	0.02442077361047268	0
hsa-miR-99a-5p	NM_018184	110,139	0.0236478541046381	0
hsa-miR-138-5p	NM_016329	1,15	0.023492682725191116	0
hsa-miR-99a-5p	NM_001193348	3602,3631	0.023300765082240105	0
hsa-miR-138-5p	NM_025163	472,501	0.022698283195495605	0
hsa-miR-146a-5p	NM_007317	1,17	0.022392606362700462	0
hsa-miR-143-5p	NM_017782	486,515	0.021923962980508804	0
hsa-miR-99a-5p	NM_021926	2925,2954	0.02178465574979782	0
hsa-miR-99a-5p	NM_078467	444,473	0.021289994940161705	0
hsa-miR-99a-5p	NM_020345	790,819	0.02100895531475544	0
hsa-miR-99a-5p	NM_024026	867,896	0.020750436931848526	0
hsa-miR-99a-5p	NM_005406	448,477	0.020282184705138206	0
hsa-miR-99a-5p	NM_001001436	44,73	0.019696151837706566	0
hsa-miR-99a-5p	NM_006166	2461,2490	0.0195423923432827	0
hsa-miR-99a-5p	NM_013347	87,116	0.019269244745373726	0
hsa-miR-99a-5p	NM_183078	3477,3506	0.018900137394666672	0
hsa-miR-99a-5p	NM_001081677	2000,2029	0.018291344866156578	0
hsa-miR-99a-5p	NM_001099668	1749,1778	0.018261317163705826	0
hsa-miR-99a-5p	NM_002982	219,248	0.01752341538667679	0
hsa-miR-99a-5p	NM_030791	976,1005	0.01731417328119278	0
hsa-miR-99a-5p	NM_001306	329,358	0.016992954537272453	0
hsa-miR-99a-5p	NM_031459	166,195	0.01687358133494854	0
hsa-miR-99a-5p	NM_001172713	739,768	0.01686093583703041	0
hsa-miR-99a-5p	NM_003566	852,881	0.01680326834321022	0
hsa-miR-99a-5p	NM_002699	551,580	0.016745494678616524	0
hsa-miR-99a-5p	NM_001204747	459,488	0.01668940670788288	0
hsa-miR-99a-5p	NM_005604	1411,1440	0.016603808850049973	0
hsa-miR-339-3p	NM_001172504	28,57	0.016603561118245125	0
hsa-miR-99a-5p	NM_020957	1260,1289	0.015810910612344742	0
hsa-miR-99a-5p	NM_001166252	851,880	0.015467873774468899	0
hsa-miR-99a-5p	NM_183356	27,56	0.0154417110607028	0
hsa-miR-99a-5p	NM_015567	560,589	0.01535161305218935	0
hsa-miR-99a-5p	NM_001168319	714,743	0.015305018052458763	0
hsa-miR-99a-5p	NM_181755	1,26	0.015212212689220905	0
hsa-miR-99a-5p	NM_004681	315,344	0.014720643870532513	0
hsa-miR-622	NM_005225	296,325	0.014716730453073978	0
hsa-miR-99a-5p	NM_000600	1,12	0.014657233841717243	0
hsa-miR-99a-5p	NM_001206839	8,37	0.014133126474916935	0
hsa-miR-99a-5p	NM_001085486	174,203	0.013277223333716393	0
hsa-miR-99a-5p	NM_006273	237,266	0.012780052609741688	0
hsa-miR-99a-5p	NM_001256014	423,452	0.012719343416392803	0
hsa-miR-27a-5p	NM_001114173	4659,4688	0.01221303828060627	0
hsa-miR-99a-5p	NM_001024209	48,77	0.012037642300128937	0
hsa-miR-1246	NM_001126114	680,709	0.011932234279811382	0
hsa-miR-138-5p	NM_138983	635,664	0.011559032835066319	0
hsa-miR-138-2-3p	NM_001270458	1923,1952	0.009835055097937584	0
hsa-miR-99a-5p	NM_024644	319,348	0.009464720264077187	0
hsa-miR-138-2-3p	NM_002923	398,427	0.007125516887754202	0
hsa-miR-27a-5p	NM_001111032	1581,1610	0.006820510141551495	0
hsa-miR-27a-5p	NM_001884	965,994	0.006723479833453894	0
hsa-miR-27a-5p	NM_001200	84,113	0.005799781996756792	0
hsa-miR-27a-5p	NM_001171819	1371,1400	0.005540939047932625	0
hsa-miR-27a-5p	NM_001001420	4114,4143	0.005464203655719757	0
hsa-miR-27a-5p	NM_001201	2010,2039	0.004807432182133198	0
hsa-miR-27a-5p	NM_000522	640,669	0.0042701661586761475	0
hsa-miR-941	NM_003644	5725,5754	0.003780582221224904	0
hsa-miR-27a-5p	NM_024016	11,40	0.0037631175946444273	0
hsa-miR-488-5p	NM_001256761	2321,2350	0.0036443902645260096	0
hsa-miR-941	NM_015329	1013,1042	0.003083966439589858	0
hsa-miR-941	NM_001204888	3458,3487	0.0030697903130203485	0
hsa-miR-941	NM_017728	624,653	0.0030335867777466774	0
hsa-miR-941	NM_001077416	522,551	0.003028900595381856	0
hsa-miR-941	NM_001037553	210,239	0.0029059569351375103	0
hsa-miR-27a-5p	NM_001632	560,589	0.002582771936431527	0
hsa-miR-941	NM_001145661	18,47	0.002327496651560068	0
hsa-miR-941	NM_138809	2603,2632	0.0022116610780358315	0
hsa-miR-941	NM_001205317	3368,3397	0.002122018486261368	0
hsa-miR-941	NM_001113525	990,1019	0.0021029426716268063	0
hsa-miR-941	NM_001142505	942,971	0.0020870843436568975	0
hsa-miR-941	NM_053045	96,125	0.001960024004802108	0
hsa-miR-941	NM_001256758	1526,1555	0.00192085315939039	0
hsa-miR-941	NM_001242450	122,151	0.001906664459966123	0
hsa-miR-941	NM_015125	297,326	0.0017871930031105876	0
hsa-miR-941	NM_080836	579,608	0.001750377588905394	0
hsa-miR-941	NM_020405	2039,2068	0.0017459597438573837	0
hsa-miR-941	NM_018941	4303,4332	0.0017025157576426864	0
hsa-miR-941	NM_005318	971,1000	0.0017009637085720897	0
hsa-miR-941	NM_130476	360,389	0.001686078729107976	0
hsa-miR-941	NM_133459	3870,3899	0.0016508641419932246	0
hsa-miR-941	NM_001042480	1307,1336	0.0016279194969683886	0
hsa-miR-941	NM_032410	7429,7458	0.0016220618272200227	0
hsa-miR-941	NM_001177310	80,109	0.0016195346834138036	0
hsa-miR-941	NM_015039	2043,2072	0.0016187401488423347	0
hsa-miR-941	NM_001145348	370,399	0.0015943145845085382	0
hsa-miR-941	NM_012309	1741,1770	0.0015799475368112326	0
hsa-miR-941	NM_001195677	1130,1159	0.0015527111245319247	0
hsa-miR-941	NM_001161465	355,384	0.0015525483759120107	0
hsa-miR-941	NM_001080495	1,24	0.0015443380689248443	0
hsa-miR-941	NM_012463	1909,1938	0.00153648410923779	0
hsa-miR-941	NM_133264	2177,2206	0.0015343371778726578	0
hsa-miR-941	NM_001254752	1702,1731	0.001526949810795486	0
hsa-miR-941	NM_004405	134,163	0.0015099893789738417	0
hsa-miR-941	NM_022492	702,731	0.0014677081489935517	0
hsa-miR-941	NM_181701	1856,1885	0.0014607599005103111	0
hsa-miR-941	NM_001145513	1724,1753	0.001456185826100409	0
hsa-miR-941	NM_018053	119,148	0.0013629840686917305	0
hsa-miR-941	NM_001542	1002,1031	0.0013387460494413972	0
hsa-miR-941	NM_001142523	1107,1136	0.0013323526363819838	0
hsa-miR-941	NM_001199323	773,802	0.0013304157182574272	0
hsa-miR-941	NM_001184985	1574,1603	0.001320292940363288	0
hsa-miR-941	NM_033390	4224,4253	0.0012946182396262884	0
hsa-miR-941	NM_014240	3874,3903	0.0012921133311465383	0
hsa-miR-941	NM_198461	10308,10337	0.0012795488582924008	0
hsa-miR-941	NM_001112726	1224,1253	0.0012784749269485474	0
hsa-miR-941	NM_001100590	1172,1201	0.0012610554695129395	0
hsa-miR-941	NM_178568	1014,1043	0.0012604562798514962	0
hsa-miR-941	NM_001134396	1,26	0.001238103024661541	0
hsa-miR-941	NM_018706	1683,1712	0.0012299364898353815	0
hsa-miR-941	NM_032796	1267,1296	0.0011969381012022495	0
hsa-miR-941	NM_016952	545,574	0.0011957205133512616	0
hsa-miR-941	NM_001031727	997,1026	0.0011833572061732411	0
hsa-miR-941	NM_138288	1480,1509	0.0011828560382127762	0
hsa-miR-941	NM_130855	304,333	0.0011690257815644145	0
hsa-miR-941	NM_001244705	278,307	0.0011618530843406916	0
hsa-miR-941	NM_001039569	1477,1506	0.0011165395844727755	0
hsa-miR-941	NM_014686	1650,1679	0.0011150621576234698	0
hsa-miR-941	NM_032015	263,292	0.0011148395715281367	0
hsa-miR-941	NM_001145106	590,619	0.0011032777838408947	0
hsa-miR-941	NM_001080432	1213,1242	0.001097454922273755	0
hsa-miR-941	NM_006801	295,324	0.0010919371852651238	0
hsa-miR-941	NM_024026	714,743	0.0010694878874346614	0
hsa-miR-941	NM_018561	556,585	0.001063878764398396	0
hsa-miR-941	NM_017831	3010,3039	0.0010256769601255655	0
hsa-miR-941	NM_032125	510,539	0.0010128639405593276	0
hsa-miR-941	NM_024103	66,95	0.0009845523163676262	0
hsa-miR-941	NM_005392	374,403	0.0009575438452884555	0
hsa-miR-941	NM_001252676	1213,1242	0.0009128680685535073	0
hsa-miR-941	NM_001039574	697,726	0.000911932613234967	0
hsa-miR-941	NM_145200	2249,2278	0.0009007289772853255	0
hsa-miR-941	NM_022978	815,844	0.000897323596291244	0
hsa-miR-941	NM_022739	191,220	0.0007766126072965562	0
hsa-miR-941	NM_001199933	463,492	0.0007621454424224794	0
hsa-miR-638	NM_174937	420,449	0.0007397960871458054	0
hsa-miR-941	NM_014033	1514,1543	0.0007332873647101223	0
hsa-miR-941	NM_001033564	1484,1513	0.0007286167819984257	0
hsa-miR-941	NM_001142353	1401,1430	0.0006620825151912868	0
hsa-miR-941	NM_016360	193,222	0.0006303801201283932	0
hsa-miR-941	NM_031435	2425,2454	0.0006276267231442034	0
hsa-miR-941	NM_016396	2192,2221	0.0006265341653488576	0
hsa-miR-941	NM_001207044	1194,1223	0.0005482351407408714	0
hsa-miR-941	NM_001198534	227,256	0.0005412821192294359	0
hsa-miR-941	NM_001010895	1739,1768	0.00044204460573382676	0
hsa-miR-941	NM_015000	3233,3262	0.00043019602890126407	0
hsa-miR-638	NM_032812	200,229	0.0003478188009466976	0
hsa-miR-1291	NM_145866	7516,7545	0.0002658741141203791	0
hsa-miR-1291	NM_001178133	300,329	0.00025469300453551114	0
hsa-miR-1291	NM_005188	6382,6411	0.00023434823378920555	0
hsa-miR-1291	NM_002738	1318,1347	0.00023053244512993842	0
hsa-miR-1291	NM_002737	3773,3802	0.00021420020493678749	0
hsa-miR-1291	NM_005225	219,248	0.00019052191055379808	0
hsa-miR-1291	NM_145726	982,1011	0.00018865331367123872	0
hsa-miR-1291	NM_001109891	93,122	0.00018835945229511708	0
hsa-miR-1291	NM_001251852	1218,1247	0.00016275921370834112	0
hsa-miR-1291	NM_181050	486,515	0.00015419859846588224	0
hsa-miR-1291	NM_138578	1149,1178	0.00014427886344492435	0
hsa-miR-1291	NM_001024809	906,935	0.00014272646512836218	0
hsa-miR-1291	NM_004423	19,48	0.00011166362673975527	0
hsa-miR-1291	NM_003468	432,461	0.0001109608419938013	0
hsa-miR-1291	NM_002872	51,80	5.01235990668647e-05	0
hsa-let-7b-5p	NM_001083589	-1,-1	0.0	0
hsa-let-7d-5p	NM_002804	-1,-1	0.0	0
hsa-let-7d-5p	NM_182983	-1,-1	0.0	0
hsa-miR-100-3p	NM_001856	-1,-1	0.0	0
hsa-miR-100-3p	NM_004995	-1,-1	0.0	0
hsa-miR-103a-3p	NM_005873	-1,-1	0.0	0
hsa-miR-106b-5p	NM_004446	-1,-1	0.0	0
hsa-miR-107	NM_002114	-1,-1	0.0	0
hsa-miR-107	NM_002970	-1,-1	0.0	0
hsa-miR-10a-5p	NM_001206654	-1,-1	0.0	0
hsa-miR-10b-5p	NM_000360	-1,-1	0.0	0
hsa-miR-1226-3p	NM_001104647	-1,-1	0.0	0
hsa-miR-124-3p	NM_002153	-1,-1	0.0	0
hsa-miR-125b-5p	NM_000421	-1,-1	0.0	0
hsa-miR-125b-5p	NM_000424	-1,-1	0.0	0
hsa-miR-128-3p	NM_001199742	-1,-1	0.0	0
hsa-miR-128-3p	NM_003106	-1,-1	0.0	0
hsa-miR-1281	NM_001144772	-1,-1	0.0	0
hsa-miR-1291	NM_001135599	-1,-1	0.0	0
hsa-miR-1291	NM_002010	-1,-1	0.0	0
hsa-miR-1291	NM_002292	-1,-1	0.0	0
hsa-miR-130a-3p	NM_000594	-1,-1	0.0	0
hsa-miR-133a-3p	NM_016215	-1,-1	0.0	0
hsa-miR-135a-5p	NM_078467	-1,-1	0.0	0
hsa-miR-135b-5p	NM_005163	-1,-1	0.0	0
hsa-miR-138-2-3p	NM_000730	-1,-1	0.0	0
hsa-miR-138-2-3p	NM_001012338	-1,-1	0.0	0
hsa-miR-138-5p	NM_001173128	-1,-1	0.0	0
hsa-miR-138-5p	NM_001177314	-1,-1	0.0	0
hsa-miR-138-5p	NM_003512	-1,-1	0.0	0
hsa-miR-138-5p	NM_173074	-1,-1	0.0	0
hsa-miR-140-3p	NM_001198957	-1,-1	0.0	0
hsa-miR-140-3p	NM_004417	-1,-1	0.0	0
hsa-miR-141-3p	NM_000978	-1,-1	0.0	0
hsa-miR-145-5p	NM_002276	-1,-1	0.0	0
hsa-miR-145-5p	NM_003088	-1,-1	0.0	0
hsa-miR-146a-3p	NM_002461	-1,-1	0.0	0
hsa-miR-146a-3p	NM_007317	-1,-1	0.0	0
hsa-miR-146a-5p	NM_152718	-1,-1	0.0	0
hsa-miR-148a-5p	NM_001001937	-1,-1	0.0	0
hsa-miR-148b-3p	NM_002700	-1,-1	0.0	0
hsa-miR-150-5p	NM_004766	-1,-1	0.0	0
hsa-miR-15b-5p	NM_014206	-1,-1	0.0	0
hsa-miR-16-5p	NM_000454	-1,-1	0.0	0
hsa-miR-16-5p	NM_001204514	-1,-1	0.0	0
hsa-miR-16-5p	NM_002467	-1,-1	0.0	0
hsa-miR-16-5p	NM_206826	-1,-1	0.0	0
hsa-miR-17-5p	NM_001142574	-1,-1	0.0	0
hsa-miR-181a-5p	NM_001024213	-1,-1	0.0	0
hsa-miR-182-5p	NM_001134477	-1,-1	0.0	0
hsa-miR-182-5p	NM_001184740	-1,-1	0.0	0
hsa-miR-183-5p	NM_004264	-1,-1	0.0	0
hsa-miR-193a-3p	NM_000657	-1,-1	0.0	0
hsa-miR-193a-3p	NM_001188	-1,-1	0.0	0
hsa-miR-199a-3p	NM_000660	-1,-1	0.0	0
hsa-miR-199a-5p	NM_000660	-1,-1	0.0	0
hsa-miR-199a-5p	NM_001613	-1,-1	0.0	0
hsa-miR-19b-3p	NM_138441	-1,-1	0.0	0
hsa-miR-200b-3p	NM_018052	-1,-1	0.0	0
hsa-miR-200b-3p	NM_031283	-1,-1	0.0	0
hsa-miR-200c-3p	NM_018052	-1,-1	0.0	0
hsa-miR-205-5p	NM_002592	-1,-1	0.0	0
hsa-miR-20a-3p	NM_174919	-1,-1	0.0	0
hsa-miR-20a-5p	NM_000657	-1,-1	0.0	0
hsa-miR-21-5p	NM_001256799	-1,-1	0.0	0
hsa-miR-214-3p	NM_001001485	-1,-1	0.0	0
hsa-miR-214-3p	NM_001242597	-1,-1	0.0	0
hsa-miR-214-5p	NM_144711	-1,-1	0.0	0
hsa-miR-218-5p	NM_003254	-1,-1	0.0	0
hsa-miR-22-5p	NM_014649	-1,-1	0.0	0
hsa-miR-222-3p	NM_002467	-1,-1	0.0	0
hsa-miR-23a-3p	NM_002467	-1,-1	0.0	0
hsa-miR-23a-3p	NM_017782	-1,-1	0.0	0
hsa-miR-23b-3p	NM_000657	-1,-1	0.0	0
hsa-miR-23b-3p	NM_005524	-1,-1	0.0	0
hsa-miR-25-3p	NM_014420	-1,-1	0.0	0
hsa-miR-26a-5p	NM_033131	-1,-1	0.0	0
hsa-miR-27a-5p	NM_001100	-1,-1	0.0	0
hsa-miR-27a-5p	NM_001251830	-1,-1	0.0	0
hsa-miR-27a-5p	NM_002336	-1,-1	0.0	0
hsa-miR-27a-5p	NM_014421	-1,-1	0.0	0
hsa-miR-27a-5p	NM_016231	-1,-1	0.0	0
hsa-miR-29a-3p	NM_001256799	-1,-1	0.0	0
hsa-miR-29c-3p	NM_052925	-1,-1	0.0	0
hsa-miR-30a-5p	NM_213725	-1,-1	0.0	0
hsa-miR-3200-5p	NM_007215	-1,-1	0.0	0
hsa-miR-320e	NM_001984	-1,-1	0.0	0
hsa-miR-323a-5p	NM_003411	-1,-1	0.0	0
hsa-miR-328-3p	NM_006297	-1,-1	0.0	0
hsa-miR-330-5p	NM_006806	-1,-1	0.0	0
hsa-miR-335-5p	NM_001105541	-1,-1	0.0	0
hsa-miR-339-3p	NM_000730	-1,-1	0.0	0
hsa-miR-339-3p	NM_001012338	-1,-1	0.0	0
hsa-miR-339-3p	NM_002923	-1,-1	0.0	0
hsa-miR-33a-5p	NM_004599	-1,-1	0.0	0
hsa-miR-34a-5p	NM_015634	-1,-1	0.0	0
hsa-miR-3677-5p	NM_006386	-1,-1	0.0	0
hsa-miR-376a-3p	NM_000820	-1,-1	0.0	0
hsa-miR-377-3p	NM_000075	-1,-1	0.0	0
hsa-miR-378a-3p	NM_002311	-1,-1	0.0	0
hsa-miR-449a	NM_012242	-1,-1	0.0	0
hsa-miR-501-3p	NM_017782	-1,-1	0.0	0
hsa-miR-503-5p	NM_182776	-1,-1	0.0	0
hsa-miR-506-3p	NM_138325	-1,-1	0.0	0
hsa-miR-5100	NM_001172819	-1,-1	0.0	0
hsa-miR-513a-5p	NM_080648	-1,-1	0.0	0
hsa-miR-532-5p	NM_001032391	-1,-1	0.0	0
hsa-miR-5581-5p	NM_005871	-1,-1	0.0	0
hsa-miR-622	NM_002467	-1,-1	0.0	0
hsa-miR-638	NM_014969	-1,-1	0.0	0
hsa-miR-654-5p	NM_012248	-1,-1	0.0	0
hsa-miR-671-3p	NM_003542	-1,-1	0.0	0
hsa-miR-766-3p	NM_002489	-1,-1	0.0	0
hsa-miR-766-3p	NM_013366	-1,-1	0.0	0
hsa-miR-9-5p	NM_138325	-1,-1	0.0	0
hsa-miR-93-5p	NM_001098833	-1,-1	0.0	0
hsa-miR-941	NM_000408	-1,-1	0.0	0
hsa-miR-941	NM_000495	-1,-1	0.0	0
hsa-miR-941	NM_001102467	-1,-1	0.0	0
hsa-miR-941	NM_001145794	-1,-1	0.0	0
hsa-miR-941	NM_001164269	-1,-1	0.0	0
hsa-miR-941	NM_001170755	-1,-1	0.0	0
hsa-miR-941	NM_001178133	-1,-1	0.0	0
hsa-miR-941	NM_001204094	-1,-1	0.0	0
hsa-miR-941	NM_001205296	-1,-1	0.0	0
hsa-miR-941	NM_015004	-1,-1	0.0	0
hsa-miR-941	NM_176794	-1,-1	0.0	0
hsa-miR-941	NM_198998	-1,-1	0.0	0
hsa-miR-99a-5p	NM_001018011	-1,-1	0.0	0
hsa-miR-99a-5p	NM_001177549	-1,-1	0.0	0
hsa-miR-99a-5p	NM_001269051	-1,-1	0.0	0
hsa-miR-99a-5p	NM_001270527	-1,-1	0.0	0
hsa-miR-99a-5p	NM_016125	-1,-1	0.0	0
hsa-miR-99a-5p	NM_017492	-1,-1	0.0	0
hsa-miR-99a-5p	NM_018288	-1,-1	0.0	0
hsa-miR-99a-5p	NM_020299	-1,-1	0.0	0
hsa-miR-99a-5p	NM_153331	-1,-1	0.0	0
